{
  "batch_size": 64,
  "batchnorm": false,
  "dropout": 0.12126524797745464,
  "gnn_hidden_feats": 64,
  "lr": 0.17503953127306204,
  "num_gnn_layers": 4,
  "patience": 30,
  "predictor_hidden_feats": 16,
  "residual": false,
  "weight_decay": 0.0027110813003237166
}