{
  "batch_size": 64,
  "batchnorm": true,
  "dropout": 0.015838398811256992,
  "gnn_hidden_feats": 32,
  "lr": 0.06555174594571385,
  "num_gnn_layers": 3,
  "patience": 30,
  "predictor_hidden_feats": 1024,
  "residual": false,
  "weight_decay": 0.0006180502470691124
}