{
  "batch_size": 32,
  "batchnorm": true,
  "dropout": 0.12272622726985698,
  "gnn_hidden_feats": 32,
  "lr": 0.21741122960213236,
  "num_gnn_layers": 3,
  "patience": 30,
  "predictor_hidden_feats": 16,
  "residual": true,
  "weight_decay": 0.0029094584977210547
}