{
  "batch_size": 64,
  "batchnorm": false,
  "dropout": 0.10460176326083008,
  "gnn_hidden_feats": 256,
  "lr": 0.22811717091033787,
  "num_gnn_layers": 3,
  "patience": 30,
  "predictor_hidden_feats": 256,
  "residual": false,
  "weight_decay": 0.0026414372556874868
}