{
  "batch_size": 128,
  "batchnorm": false,
  "dropout": 0.5338069506028447,
  "gnn_hidden_feats": 256,
  "lr": 0.08537908940546034,
  "num_gnn_layers": 4,
  "patience": 30,
  "predictor_hidden_feats": 256,
  "residual": true,
  "weight_decay": 0.0009265798887234878
}