{
  "batch_size": 128,
  "batchnorm": true,
  "dropout": 0.24795516633700698,
  "gnn_hidden_feats": 128,
  "lr": 0.19889832250169756,
  "num_gnn_layers": 4,
  "patience": 30,
  "predictor_hidden_feats": 512,
  "residual": true,
  "weight_decay": 0.0006386687314558617
}