{
  "batch_size": 64,
  "batchnorm": false,
  "dropout": 0.21269973582633342,
  "gnn_hidden_feats": 32,
  "lr": 0.16002685246183646,
  "num_gnn_layers": 5,
  "patience": 30,
  "predictor_hidden_feats": 64,
  "residual": false,
  "weight_decay": 0.00046079484908197177
}